Method,Setup Time (sec),Explanation Time (sec)
LIME-RF,0.015978097915649414,0.07038393020629882
LIME-GB,0.015978097915649414,0.04603047370910644
SHAP-RF,0.019089937210083008,0.06403698921203613
SHAP-GB,0.002103567123413086,0.0004000663757324219
